male_id,female_id,y_fledge_nest,y_hatch_nest,y_eggs_nest,male_MLH,male_HOM,female_MLH,female_HOM,season,nest_site,male_origin,female_origin,male_id.1,female_id.1,pair_GD,pair_GS,male_age,female_age,male_MLH_std,female_MLH_std,pair_GD_std,pair_GS_std,male_HOM_std,female_HOM_std,male_age_std,female_age_std
W11B,W38,0,2,2,0.23807777,0.76192223,0.187713942,0.812286058,6,Yellingbo,W,W,041-37907,041-37910,0.225698526,0.774301474,3,5,0.985585485,-2.512822429,0.384271583,-0.384271583,-0.985585485,2.512822429,-0.615278902,0.229054629
W11B,W38,0,0,2,0.23807777,0.76192223,0.187713942,0.812286058,6,Yellingbo,W,W,041-37907,041-37910,0.225698526,0.774301474,3,5,0.985585485,-2.512822429,0.384271583,-0.384271583,-0.985585485,2.512822429,-0.615278902,0.229054629
W11B,W38,0,0,2,0.23807777,0.76192223,0.187713942,0.812286058,6,Yellingbo,W,W,041-37907,041-37910,0.225698526,0.774301474,3,5,0.985585485,-2.512822429,0.384271583,-0.384271583,-0.985585485,2.512822429,-0.615278902,0.229054629
W11B,W38,0,0,2,0.23807777,0.76192223,0.187713942,0.812286058,7,Yellingbo,W,W,041-37907,041-37910,0.225698526,0.774301474,4,6,0.985585485,-2.512822429,0.384271583,-0.384271583,-0.985585485,2.512822429,-0.181618471,0.721931107
W11B,W38,0,0,2,0.23807777,0.76192223,0.187713942,0.812286058,7,Yellingbo,W,W,041-37907,041-37910,0.225698526,0.774301474,4,6,0.985585485,-2.512822429,0.384271583,-0.384271583,-0.985585485,2.512822429,-0.181618471,0.721931107
W3,W75,2,2,2,0.221062442,0.778937558,0.215772282,0.784227718,7,Yellingbo,W,W,041-37820,041-37906,0.152545438,0.847454562,2,2,-0.425671971,-0.487062884,-1.687001293,1.687001293,0.425671971,0.487062884,-1.048939333,-1.249574805
W11B,W38,0,0,2,0.23807777,0.76192223,0.187713942,0.812286058,7,Yellingbo,W,W,041-37907,041-37910,0.225698526,0.774301474,4,6,0.985585485,-2.512822429,0.384271583,-0.384271583,-0.985585485,2.512822429,-0.181618471,0.721931107
W11B,W38,0,0,2,0.23807777,0.76192223,0.187713942,0.812286058,7,Yellingbo,W,W,041-37907,041-37910,0.225698526,0.774301474,4,6,0.985585485,-2.512822429,0.384271583,-0.384271583,-0.985585485,2.512822429,-0.181618471,0.721931107
W11B,W38,1,2,2,0.23807777,0.76192223,0.187713942,0.812286058,7,Yellingbo,W,W,041-37907,041-37910,0.225698526,0.774301474,4,6,0.985585485,-2.512822429,0.384271583,-0.384271583,-0.985585485,2.512822429,-0.181618471,0.721931107
W18,W42,0,0,2,0.226903178,0.773096822,0.229481197,0.770518803,8,Yellingbo,W,W,041-37917,041-37811,0.25409169,0.74590831,4,2,0.058760784,0.502695078,1.188201972,-1.188201972,-0.058760784,-0.502695078,-0.181618471,-1.249574805
W20,W43,0,0,1,0.249242633,0.750757367,0.235364507,0.764635493,8,Yellingbo,W,W,041-37919,041-37916,0.22976761,0.77023239,1,2,1.91160326,0.927459031,0.499484537,-0.499484537,-1.91160326,-0.927459031,-1.482599764,-1.249574805
W20,W43,1,2,2,0.249242633,0.750757367,0.235364507,0.764635493,8,Yellingbo,W,W,041-37919,041-37916,0.22976761,0.77023239,1,2,1.91160326,0.927459031,0.499484537,-0.499484537,-1.91160326,-0.927459031,-1.482599764,-1.249574805
W11B,W38,2,2,2,0.23807777,0.76192223,0.187713942,0.812286058,8,Yellingbo,W,W,041-37907,041-37910,0.225698526,0.774301474,5,7,0.985585485,-2.512822429,0.384271583,-0.384271583,-0.985585485,2.512822429,0.25204196,1.214807585
W33,W61,0,0,1,0.238742487,0.761257513,0.224227985,0.775772015,8,Yellingbo,W,W,041-37943,041-37829,0.222307623,0.777692377,1,2,1.040717354,0.12342302,0.288260798,-0.288260798,-1.040717354,-0.12342302,-1.482599764,-1.249574805
W11B,W38,2,2,2,0.23807777,0.76192223,0.187713942,0.812286058,8,Yellingbo,W,W,041-37907,041-37910,0.225698526,0.774301474,5,7,0.985585485,-2.512822429,0.384271583,-0.384271583,-0.985585485,2.512822429,0.25204196,1.214807585
W69,W68,0,0,2,0.205471855,0.794528145,0.224908972,0.775091028,8,Yellingbo,W,W,041-37837,041-37836,0.249570486,0.750429514,2,4,-1.718760894,0.172589005,1.060187592,-1.060187592,1.718760894,-0.172589005,-1.048939333,-0.263821849
W18,W42,2,2,2,0.226903178,0.773096822,0.229481197,0.770518803,8,Yellingbo,W,W,041-37917,041-37811,0.25409169,0.74590831,4,2,0.058760784,0.502695078,1.188201972,-1.188201972,-0.058760784,-0.502695078,-0.181618471,-1.249574805
W33,W61,0,0,2,0.238742487,0.761257513,0.224227985,0.775772015,8,Yellingbo,W,W,041-37943,041-37829,0.222307623,0.777692377,1,2,1.040717354,0.12342302,0.288260798,-0.288260798,-1.040717354,-0.12342302,-1.482599764,-1.249574805
W32,W37,2,2,2,0.214239362,0.785760638,0.21732327,0.78267673,8,Yellingbo,W,W,041-37949,041-37946,0.220634777,0.779365223,2,2,-0.991580694,-0.375084458,0.240895463,-0.240895463,0.991580694,0.375084458,-1.048939333,-1.249574805
W58,W57,2,2,2,0.228703276,0.771296724,0.243868579,0.756131421,8,Yellingbo,W,W,041-37826,041-37825,0.226557555,0.773442445,4,3,0.208061563,1.541437086,0.408594322,-0.408594322,-0.208061563,-1.541437086,-0.181618471,-0.756698327
W11B,W38,1,2,2,0.23807777,0.76192223,0.187713942,0.812286058,8,Yellingbo,W,W,041-37907,041-37910,0.225698526,0.774301474,5,7,0.985585485,-2.512822429,0.384271583,-0.384271583,-0.985585485,2.512822429,0.25204196,1.214807585
W60,W75,0,0,1,0.215495696,0.784504304,0.215772282,0.784227718,8,Yellingbo,W,W,041-37828,041-37906,0.236458993,0.763541007,1,3,-0.887379897,-0.487062884,0.68894585,-0.68894585,0.887379897,0.487062884,-1.482599764,-0.756698327
W10B,W64,1,2,2,0.230541142,0.769458858,0.236623068,0.763376932,8,Yellingbo,W,W,041-37908,041-37830,0.241115833,0.758884167,1,2,0.360494834,1.018324775,0.820800658,-0.820800658,-0.360494834,-1.018324775,-1.482599764,-1.249574805
W58,W57,0,0,2,0.228703276,0.771296724,0.243868579,0.756131421,9,Yellingbo,W,W,041-37826,041-37825,0.226557555,0.773442445,5,4,0.208061563,1.541437086,0.408594322,-0.408594322,-0.208061563,-1.541437086,0.25204196,-0.263821849
W20,W43,0,2,2,0.249242633,0.750757367,0.235364507,0.764635493,9,Yellingbo,W,W,041-37919,041-37916,0.22976761,0.77023239,2,3,1.91160326,0.927459031,0.499484537,-0.499484537,-1.91160326,-0.927459031,-1.048939333,-0.756698327
W58,W57,1,1,2,0.228703276,0.771296724,0.243868579,0.756131421,9,Yellingbo,W,W,041-37826,041-37825,0.226557555,0.773442445,5,4,0.208061563,1.541437086,0.408594322,-0.408594322,-0.208061563,-1.541437086,0.25204196,-0.263821849
W60,W75,0,1,2,0.215495696,0.784504304,0.215772282,0.784227718,9,Yellingbo,W,W,041-37828,041-37906,0.236458993,0.763541007,2,4,-0.887379897,-0.487062884,0.68894585,-0.68894585,0.887379897,0.487062884,-1.048939333,-0.263821849
W11B,W38,0,1,1,0.23807777,0.76192223,0.187713942,0.812286058,9,Yellingbo,W,W,041-37907,041-37910,0.225698526,0.774301474,6,8,0.985585485,-2.512822429,0.384271583,-0.384271583,-0.985585485,2.512822429,0.685702391,1.707684063
W10B,W64,0,0,1,0.230541142,0.769458858,0.236623068,0.763376932,9,Yellingbo,W,W,041-37908,041-37830,0.241115833,0.758884167,2,3,0.360494834,1.018324775,0.820800658,-0.820800658,-0.360494834,-1.018324775,-1.048939333,-0.756698327
W9,W42,0,0,2,0.225206038,0.774793962,0.229481197,0.770518803,9,Yellingbo,W,W,041-37909,041-37811,0.245004069,0.754995931,5,3,-0.082000621,0.502695078,0.930893041,-0.930893041,0.082000621,-0.502695078,0.25204196,-0.756698327
W20,W43,0,0,1,0.249242633,0.750757367,0.235364507,0.764635493,9,Yellingbo,W,W,041-37919,041-37916,0.22976761,0.77023239,2,3,1.91160326,0.927459031,0.499484537,-0.499484537,-1.91160326,-0.927459031,-1.048939333,-0.756698327
W67,W62,1,1,1,0.229928348,0.770071652,0.226183895,0.773816105,9,Yellingbo,W,W,041-37831,041-37832,0.204494077,0.795505923,3,3,0.309669478,0.264636056,-0.216115923,0.216115923,-0.309669478,-0.264636056,-0.615278902,-0.756698327
W10B,W64,2,2,2,0.230541142,0.769458858,0.236623068,0.763376932,9,Yellingbo,W,W,041-37908,041-37830,0.241115833,0.758884167,2,3,0.360494834,1.018324775,0.820800658,-0.820800658,-0.360494834,-1.018324775,-1.048939333,-0.756698327
W60,W75,1,2,2,0.215495696,0.784504304,0.215772282,0.784227718,9,Yellingbo,W,W,041-37828,041-37906,0.236458993,0.763541007,2,4,-0.887379897,-0.487062884,0.68894585,-0.68894585,0.887379897,0.487062884,-1.048939333,-0.263821849
W69,W68,2,2,2,0.205471855,0.794528145,0.224908972,0.775091028,9,Yellingbo,W,W,041-37837,041-37836,0.249570486,0.750429514,3,5,-1.718760894,0.172589005,1.060187592,-1.060187592,1.718760894,-0.172589005,-0.615278902,0.229054629
W20,W43,2,2,2,0.249242633,0.750757367,0.235364507,0.764635493,9,Yellingbo,W,W,041-37919,041-37916,0.22976761,0.77023239,2,3,1.91160326,0.927459031,0.499484537,-0.499484537,-1.91160326,-0.927459031,-1.048939333,-0.756698327
W33,W61,0,0,1,0.238742487,0.761257513,0.224227985,0.775772015,9,Yellingbo,W,W,041-37943,041-37829,0.222307623,0.777692377,2,3,1.040717354,0.12342302,0.288260798,-0.288260798,-1.040717354,-0.12342302,-1.048939333,-0.756698327
W67,W62,1,1,1,0.229928348,0.770071652,0.226183895,0.773816105,9,Yellingbo,W,W,041-37831,041-37832,0.204494077,0.795505923,3,3,0.309669478,0.264636056,-0.216115923,0.216115923,-0.309669478,-0.264636056,-0.615278902,-0.756698327
W71,W6B,2,2,2,0.230762125,0.769237875,0.218359989,0.781640011,9,Yellingbo,W,W,041-37838,041-37902,0.242562619,0.757437381,6,4,0.378823244,-0.30023529,0.86176528,-0.86176528,-0.378823244,0.30023529,0.685702391,-0.263821849
W9,W42,0,0,1,0.225206038,0.774793962,0.229481197,0.770518803,9,Yellingbo,W,W,041-37909,041-37811,0.245004069,0.754995931,5,3,-0.082000621,0.502695078,0.930893041,-0.930893041,0.082000621,-0.502695078,0.25204196,-0.756698327
W58,W57,2,2,2,0.228703276,0.771296724,0.243868579,0.756131421,9,Yellingbo,W,W,041-37826,041-37825,0.226557555,0.773442445,5,4,0.208061563,1.541437086,0.408594322,-0.408594322,-0.208061563,-1.541437086,0.25204196,-0.263821849
W69,W68,1,1,2,0.205471855,0.794528145,0.224908972,0.775091028,9,Yellingbo,W,W,041-37837,041-37836,0.249570486,0.750429514,3,5,-1.718760894,0.172589005,1.060187592,-1.060187592,1.718760894,-0.172589005,-0.615278902,0.229054629
W11B,W38,1,2,2,0.23807777,0.76192223,0.187713942,0.812286058,9,Yellingbo,W,W,041-37907,041-37910,0.225698526,0.774301474,6,8,0.985585485,-2.512822429,0.384271583,-0.384271583,-0.985585485,2.512822429,0.685702391,1.707684063
W33,W61,0,2,2,0.238742487,0.761257513,0.224227985,0.775772015,10,Yellingbo,W,W,041-37943,041-37829,0.222307623,0.777692377,3,4,1.040717354,0.12342302,0.288260798,-0.288260798,-1.040717354,-0.12342302,-0.615278902,-0.263821849
W10B,W64,1,1,1,0.230541142,0.769458858,0.236623068,0.763376932,10,Yellingbo,W,W,041-37908,041-37830,0.241115833,0.758884167,3,4,0.360494834,1.018324775,0.820800658,-0.820800658,-0.360494834,-1.018324775,-0.615278902,-0.263821849
W45,W56,0,0,2,0.235207779,0.764792221,0.223429952,0.776570048,10,Yellingbo,W,W,041-37931,041-37802,0.224703861,0.775296139,2,2,0.747547394,0.065806534,0.356108416,-0.356108416,-0.747547394,-0.065806534,-1.048939333,-1.249574805
W67,W62,2,2,2,0.229928348,0.770071652,0.226183895,0.773816105,10,Yellingbo,W,W,041-37831,041-37832,0.204494077,0.795505923,4,4,0.309669478,0.264636056,-0.216115923,0.216115923,-0.309669478,-0.264636056,-0.181618471,-0.263821849
W45,W56,2,2,2,0.235207779,0.764792221,0.223429952,0.776570048,10,Yellingbo,W,W,041-37931,041-37802,0.224703861,0.775296139,2,2,0.747547394,0.065806534,0.356108416,-0.356108416,-0.747547394,-0.065806534,-1.048939333,-1.249574805
W20,W49,0,0,2,0.249242633,0.750757367,0.239705205,0.760294795,10,Yellingbo,W,W,041-37919,041-37816,0.220227869,0.779772131,3,2,1.91160326,1.240849288,0.229374179,-0.229374179,-1.91160326,-1.240849288,-0.615278902,-1.249574805
W69,W68,0,0,2,0.205471855,0.794528145,0.224908972,0.775091028,10,Yellingbo,W,W,041-37837,041-37836,0.249570486,0.750429514,4,6,-1.718760894,0.172589005,1.060187592,-1.060187592,1.718760894,-0.172589005,-0.181618471,0.721931107
W71,W6B,1,1,2,0.230762125,0.769237875,0.218359989,0.781640011,10,Yellingbo,W,W,041-37838,041-37902,0.242562619,0.757437381,7,5,0.378823244,-0.30023529,0.86176528,-0.86176528,-0.378823244,0.30023529,1.119362822,0.229054629
W83,W47,1,1,1,0.207738928,0.792261072,0.179496704,0.820503296,10,Yellingbo,W,W,041-37834,041-37817,0.24346686,0.75653314,4,3,-1.53072904,-3.106091607,0.887368162,-0.887368162,1.53072904,3.106091607,-0.181618471,-0.756698327
W69,W68,2,2,2,0.205471855,0.794528145,0.224908972,0.775091028,10,Yellingbo,W,W,041-37837,041-37836,0.249570486,0.750429514,4,6,-1.718760894,0.172589005,1.060187592,-1.060187592,1.718760894,-0.172589005,-0.181618471,0.721931107
W60,W75,2,2,2,0.215495696,0.784504304,0.215772282,0.784227718,10,Yellingbo,W,W,041-37828,041-37906,0.236458993,0.763541007,3,5,-0.887379897,-0.487062884,0.68894585,-0.68894585,0.887379897,0.487062884,-0.615278902,0.229054629
W20,W49,2,2,2,0.249242633,0.750757367,0.239705205,0.760294795,10,Yellingbo,W,W,041-37919,041-37816,0.220227869,0.779772131,3,2,1.91160326,1.240849288,0.229374179,-0.229374179,-1.91160326,-1.240849288,-0.615278902,-1.249574805
W11B,W38,2,2,2,0.23807777,0.76192223,0.187713942,0.812286058,10,Yellingbo,W,W,041-37907,041-37910,0.225698526,0.774301474,7,9,0.985585485,-2.512822429,0.384271583,-0.384271583,-0.985585485,2.512822429,1.119362822,2.200560541
W69,W68,0,1,2,0.205471855,0.794528145,0.224908972,0.775091028,10,Yellingbo,W,W,041-37837,041-37836,0.249570486,0.750429514,4,6,-1.718760894,0.172589005,1.060187592,-1.060187592,1.718760894,-0.172589005,-0.181618471,0.721931107
W69,W68,0,1,2,0.205471855,0.794528145,0.224908972,0.775091028,10,Yellingbo,W,W,041-37837,041-37836,0.249570486,0.750429514,4,6,-1.718760894,0.172589005,1.060187592,-1.060187592,1.718760894,-0.172589005,-0.181618471,0.721931107
W33,W61,1,1,1,0.238742487,0.761257513,0.224227985,0.775772015,10,Yellingbo,W,W,041-37943,041-37829,0.222307623,0.777692377,3,4,1.040717354,0.12342302,0.288260798,-0.288260798,-1.040717354,-0.12342302,-0.615278902,-0.263821849
W33,W61,1,2,2,0.238742487,0.761257513,0.224227985,0.775772015,10,Yellingbo,W,W,041-37943,041-37829,0.222307623,0.777692377,3,4,1.040717354,0.12342302,0.288260798,-0.288260798,-1.040717354,-0.12342302,-0.615278902,-0.263821849
W60,W75,1,1,2,0.215495696,0.784504304,0.215772282,0.784227718,11,Yellingbo,W,W,041-37828,041-37906,0.236458993,0.763541007,4,6,-0.887379897,-0.487062884,0.68894585,-0.68894585,0.887379897,0.487062884,-0.181618471,0.721931107
W20,W49,0,0,2,0.249242633,0.750757367,0.239705205,0.760294795,11,Yellingbo,W,W,041-37919,041-37816,0.220227869,0.779772131,4,3,1.91160326,1.240849288,0.229374179,-0.229374179,-1.91160326,-1.240849288,-0.181618471,-0.756698327
W71,W6B,1,1,2,0.230762125,0.769237875,0.218359989,0.781640011,11,Yellingbo,W,W,041-37838,041-37902,0.242562619,0.757437381,8,6,0.378823244,-0.30023529,0.86176528,-0.86176528,-0.378823244,0.30023529,1.553023253,0.721931107
W85,W42,2,2,2,0.231363887,0.768636113,0.229481197,0.770518803,11,Yellingbo,W,W,041-37853,041-37811,0.232254273,0.767745727,2,5,0.428733602,0.502695078,0.569892468,-0.569892468,-0.428733602,-0.502695078,-1.048939333,0.229054629
W10B,W44,2,2,2,0.230541142,0.769458858,0.237999451,0.762000549,11,Yellingbo,W,W,041-37908,041-37808,0.213581698,0.786418302,4,3,0.360494834,1.117697047,0.041193008,-0.041193008,-0.360494834,-1.117697047,-0.181618471,-0.756698327
W71,W6B,0,0,2,0.230762125,0.769237875,0.218359989,0.781640011,11,Yellingbo,W,W,041-37838,041-37902,0.242562619,0.757437381,8,6,0.378823244,-0.30023529,0.86176528,-0.86176528,-0.378823244,0.30023529,1.553023253,0.721931107
W33,W64,1,1,2,0.238742487,0.761257513,0.236623068,0.763376932,11,Yellingbo,W,W,041-37943,041-37830,0.226647979,0.773352021,4,5,1.040717354,1.018324775,0.411154608,-0.411154608,-1.040717354,-1.018324775,-0.181618471,0.229054629
W60,W75,0,0,1,0.215495696,0.784504304,0.215772282,0.784227718,11,Yellingbo,W,W,041-37828,041-37906,0.236458993,0.763541007,4,6,-0.887379897,-0.487062884,0.68894585,-0.68894585,0.887379897,0.487062884,-0.181618471,0.721931107
W85,W42,0,0,2,0.231363887,0.768636113,0.229481197,0.770518803,12,Yellingbo,W,W,041-37853,041-37811,0.232254273,0.767745727,3,6,0.428733602,0.502695078,0.569892468,-0.569892468,-0.428733602,-0.502695078,-0.615278902,0.721931107
W2A,W44,0,0,2,0.230171936,0.769828064,0.237999451,0.762000549,12,Yellingbo,W,W,041-37904,041-37808,0.24016638,0.75983362,9,4,0.329872755,1.117697047,0.793917634,-0.793917634,-0.329872755,-1.117697047,1.986683684,-0.263821849
W60,W75,0,0,2,0.215495696,0.784504304,0.215772282,0.784227718,12,Yellingbo,W,W,041-37828,041-37906,0.236458993,0.763541007,5,7,-0.887379897,-0.487062884,0.68894585,-0.68894585,0.887379897,0.487062884,0.25204196,1.214807585
W71,W6B,0,0,1,0.230762125,0.769237875,0.218359989,0.781640011,12,Yellingbo,W,W,041-37838,041-37902,0.242562619,0.757437381,9,7,0.378823244,-0.30023529,0.86176528,-0.86176528,-0.378823244,0.30023529,1.986683684,1.214807585
W2A,W44,0,1,2,0.230171936,0.769828064,0.237999451,0.762000549,12,Yellingbo,W,W,041-37904,041-37808,0.24016638,0.75983362,9,4,0.329872755,1.117697047,0.793917634,-0.793917634,-0.329872755,-1.117697047,1.986683684,-0.263821849
W85,W42,0,0,2,0.231363887,0.768636113,0.229481197,0.770518803,12,Yellingbo,W,W,041-37853,041-37811,0.232254273,0.767745727,3,6,0.428733602,0.502695078,0.569892468,-0.569892468,-0.428733602,-0.502695078,-0.615278902,0.721931107
W60,W75,2,2,2,0.215495696,0.784504304,0.215772282,0.784227718,12,Yellingbo,W,W,041-37828,041-37906,0.236458993,0.763541007,5,7,-0.887379897,-0.487062884,0.68894585,-0.68894585,0.887379897,0.487062884,0.25204196,1.214807585
W2A,W44,0,2,2,0.230171936,0.769828064,0.237999451,0.762000549,12,Yellingbo,W,W,041-37904,041-37808,0.24016638,0.75983362,9,4,0.329872755,1.117697047,0.793917634,-0.793917634,-0.329872755,-1.117697047,1.986683684,-0.263821849
W85,W42,1,2,2,0.231363887,0.768636113,0.229481197,0.770518803,12,Yellingbo,W,W,041-37853,041-37811,0.232254273,0.767745727,3,6,0.428733602,0.502695078,0.569892468,-0.569892468,-0.428733602,-0.502695078,-0.615278902,0.721931107
W60,W75,0,0,1,0.215495696,0.784504304,0.215772282,0.784227718,12,Yellingbo,W,W,041-37828,041-37906,0.236458993,0.763541007,5,7,-0.887379897,-0.487062884,0.68894585,-0.68894585,0.887379897,0.487062884,0.25204196,1.214807585
W2A,W44,1,2,2,0.230171936,0.769828064,0.237999451,0.762000549,13,Yellingbo,W,W,041-37904,041-37808,0.24016638,0.75983362,10,5,0.329872755,1.117697047,0.793917634,-0.793917634,-0.329872755,-1.117697047,2.420344115,0.229054629
W116,W57,0,2,2,0.223676932,0.776323068,0.243868579,0.756131421,13,Yellingbo,W,W,041-85376,041-37825,0.243286011,0.756713989,1,8,-0.208825225,1.541437086,0.882247563,-0.882247563,0.208825225,-1.541437086,-1.482599764,1.707684063
W116,W57,0,0,2,0.223676932,0.776323068,0.243868579,0.756131421,13,Yellingbo,W,W,041-85376,041-37825,0.243286011,0.756713989,1,8,-0.208825225,1.541437086,0.882247563,-0.882247563,0.208825225,-1.541437086,-1.482599764,1.707684063
W2A,W44,0,0,1,0.230171936,0.769828064,0.237999451,0.762000549,13,Yellingbo,W,W,041-37904,041-37808,0.24016638,0.75983362,10,5,0.329872755,1.117697047,0.793917634,-0.793917634,-0.329872755,-1.117697047,2.420344115,0.229054629
W71,W121,2,2,2,0.230762125,0.769237875,0.217246175,0.782753825,14,Yellingbo,W,W,041-37838,041-85381,0.246767339,0.753232661,11,2,0.378823244,-0.380650572,0.980818661,-0.980818661,-0.378823244,0.380650572,2.854004547,-1.249574805
W112,W44,1,1,2,0.240992429,0.759007571,0.237999451,0.762000549,14,Yellingbo,W,W,041-85374,041-37808,0.164029297,0.835970703,2,6,1.227328357,1.117697047,-1.361844743,1.361844743,-1.227328357,-1.117697047,-1.048939333,0.721931107
W112,W44,2,2,2,0.240992429,0.759007571,0.237999451,0.762000549,14,Yellingbo,W,W,041-85374,041-37808,0.164029297,0.835970703,2,6,1.227328357,1.117697047,-1.361844743,1.361844743,-1.227328357,-1.117697047,-1.048939333,0.721931107
W116,W57,0,1,2,0.223676932,0.776323068,0.243868579,0.756131421,15,Yellingbo,W,W,041-85376,041-37825,0.243286011,0.756713989,3,10,-0.208825225,1.541437086,0.882247563,-0.882247563,0.208825225,-1.541437086,-0.615278902,2.693437019
W125,W44,0,2,2,0.240469208,0.759530792,0.237999451,0.762000549,15,Yellingbo,W,W,041-50989,041-37808,0.201374446,0.798625554,4,7,1.183932218,1.117697047,-0.304445852,0.304445852,-1.183932218,-1.117697047,-0.181618471,1.214807585
W125,W44,1,1,1,0.240469208,0.759530792,0.237999451,0.762000549,15,Yellingbo,W,W,041-50989,041-37808,0.201374446,0.798625554,4,7,1.183932218,1.117697047,-0.304445852,0.304445852,-1.183932218,-1.117697047,-0.181618471,1.214807585
W115,W121,1,1,1,0.243833622,0.756166378,0.217246175,0.782753825,15,Yellingbo,W,W,041-85378,041-85381,0.230536215,0.769463785,3,3,1.462977932,-0.380650572,0.52124699,-0.52124699,-1.462977932,0.380650572,-0.615278902,-0.756698327
W115,W121,2,2,2,0.243833622,0.756166378,0.217246175,0.782753825,16,Yellingbo,W,W,041-85378,041-85381,0.230536215,0.769463785,4,4,1.462977932,-0.380650572,0.52124699,-0.52124699,-1.462977932,0.380650572,-0.181618471,-0.263821849
W125,W44,2,2,2,0.240469208,0.759530792,0.237999451,0.762000549,16,Yellingbo,W,W,041-50989,041-37808,0.201374446,0.798625554,5,8,1.183932218,1.117697047,-0.304445852,0.304445852,-1.183932218,-1.117697047,0.25204196,1.707684063
042-24381,042-24419,0,1,2,0.217606149,0.782393851,0.211584358,0.788415642,23,Yellingbo,R,R,042-24381,042-24419,0.124107062,0.875892938,1,1,-0.712338162,-0.789423145,-2.492211824,2.492211824,0.712338162,0.789423145,-1.482599764,-1.742451283
042-24381,042-24419,2,2,2,0.217606149,0.782393851,0.211584358,0.788415642,24,Yellingbo,R,R,042-24381,042-24419,0.124107062,0.875892938,2,2,-0.712338162,-0.789423145,-2.492211824,2.492211824,0.712338162,0.789423145,-1.048939333,-1.249574805
A51364,042-24463,0,2,2,0.227603351,0.772396649,0.226571114,0.773428886,24,Tonimbuk,R,W,042-24451,042-24463,0.216158785,0.783841215,2,1,0.116833386,0.292592541,0.114161225,-0.114161225,-0.116833386,-0.292592541,-1.048939333,-1.742451283
A51364,042-24463,2,2,2,0.227603351,0.772396649,0.226571114,0.773428886,24,Tonimbuk,R,W,042-24451,042-24463,0.216158785,0.783841215,2,1,0.116833386,0.292592541,0.114161225,-0.114161225,-0.116833386,-0.292592541,-1.048939333,-1.742451283
042-24381,042-24419,0,0,2,0.217606149,0.782393851,0.211584358,0.788415642,24,Yellingbo,R,R,042-24381,042-24419,0.124107062,0.875892938,2,2,-0.712338162,-0.789423145,-2.492211824,2.492211824,0.712338162,0.789423145,-1.048939333,-1.249574805
042-24365,042-24419,0,0,2,0.205773842,0.794226158,0.211584358,0.788415642,25,Yellingbo,R,R,042-24365,042-24419,0.110000904,0.889999096,3,3,-1.693713983,-0.789423145,-2.891616733,2.891616733,1.693713983,0.789423145,-0.615278902,-0.756698327
042-24365,042-24419,0,0,2,0.205773842,0.794226158,0.211584358,0.788415642,25,Yellingbo,R,R,042-24365,042-24419,0.110000904,0.889999096,3,3,-1.693713983,-0.789423145,-2.891616733,2.891616733,1.693713983,0.789423145,-0.615278902,-0.756698327
A51364,042-24463,1,1,1,0.227603351,0.772396649,0.226571114,0.773428886,25,Tonimbuk,R,W,042-24451,042-24463,0.216158785,0.783841215,3,2,0.116833386,0.292592541,0.114161225,-0.114161225,-0.116833386,-0.292592541,-0.615278902,-1.249574805
042-24365,042-24419,0,1,1,0.205773842,0.794226158,0.211584358,0.788415642,25,Yellingbo,R,R,042-24365,042-24419,0.110000904,0.889999096,3,3,-1.693713983,-0.789423145,-2.891616733,2.891616733,1.693713983,0.789423145,-0.615278902,-0.756698327
A51364,042-24463,2,2,2,0.227603351,0.772396649,0.226571114,0.773428886,25,Tonimbuk,R,W,042-24451,042-24463,0.216158785,0.783841215,3,2,0.116833386,0.292592541,0.114161225,-0.114161225,-0.116833386,-0.292592541,-0.615278902,-1.249574805
042-24365,042-24419,0,2,2,0.205773842,0.794226158,0.211584358,0.788415642,25,Yellingbo,R,R,042-24365,042-24419,0.110000904,0.889999096,3,3,-1.693713983,-0.789423145,-2.891616733,2.891616733,1.693713983,0.789423145,-0.615278902,-0.756698327
042-24365,042-24419,0,2,2,0.205773842,0.794226158,0.211584358,0.788415642,26,Yellingbo,R,R,042-24365,042-24419,0.110000904,0.889999096,4,4,-1.693713983,-0.789423145,-2.891616733,2.891616733,1.693713983,0.789423145,-0.181618471,-0.263821849
042-24462,042-59365,0,0,2,0.21809872,0.78190128,0.216223673,0.783776327,26,Yellingbo,R,W,042-24462,042-59365,0.230219731,0.769780269,3,1,-0.671484146,-0.4544733,0.512285992,-0.512285992,0.671484146,0.4544733,-0.615278902,-1.742451283
042-24365,042-24419,0,2,2,0.205773842,0.794226158,0.211584358,0.788415642,26,Yellingbo,R,R,042-24365,042-24419,0.110000904,0.889999096,4,4,-1.693713983,-0.789423145,-2.891616733,2.891616733,1.693713983,0.789423145,-0.181618471,-0.263821849
A51364,042-24463,0,2,2,0.227603351,0.772396649,0.226571114,0.773428886,26,Tonimbuk,R,W,042-24451,042-24463,0.216158785,0.783841215,4,3,0.116833386,0.292592541,0.114161225,-0.114161225,-0.116833386,-0.292592541,-0.181618471,-0.756698327
042-24367,042-59368,1,1,1,0.21851276,0.78148724,0.210214107,0.789785893,26,Yellingbo,R,W,042-24367,042-59368,0.216565693,0.783434307,4,1,-0.637143518,-0.888352698,0.125682509,-0.125682509,0.637143518,0.888352698,-0.181618471,-1.742451283
042-24462,042-59365,2,2,2,0.21809872,0.78190128,0.216223673,0.783776327,26,Yellingbo,R,W,042-24462,042-59365,0.230219731,0.769780269,3,1,-0.671484146,-0.4544733,0.512285992,-0.512285992,0.671484146,0.4544733,-0.615278902,-1.742451283
A51364,042-24463,0,0,2,0.227603351,0.772396649,0.226571114,0.773428886,26,Tonimbuk,R,W,042-24451,042-24463,0.216158785,0.783841215,4,3,0.116833386,0.292592541,0.114161225,-0.114161225,-0.116833386,-0.292592541,-0.181618471,-0.756698327
042-24365,042-24419,0,1,2,0.205773842,0.794226158,0.211584358,0.788415642,26,Yellingbo,R,R,042-24365,042-24419,0.110000904,0.889999096,4,4,-1.693713983,-0.789423145,-2.891616733,2.891616733,1.693713983,0.789423145,-0.181618471,-0.263821849
A51364,042-24463,0,0,1,0.227603351,0.772396649,0.226571114,0.773428886,26,Tonimbuk,R,W,042-24451,042-24463,0.216158785,0.783841215,4,3,0.116833386,0.292592541,0.114161225,-0.114161225,-0.116833386,-0.292592541,-0.181618471,-0.756698327
042-24367,042-59368,0,1,1,0.21851276,0.78148724,0.210214107,0.789785893,26,Yellingbo,R,W,042-24367,042-59368,0.216565693,0.783434307,4,1,-0.637143518,-0.888352698,0.125682509,-0.125682509,0.637143518,0.888352698,-0.181618471,-1.742451283
042-24464,042-24378,0,0,2,0.226193775,0.773806225,0.245716903,0.754283097,26,Tonimbuk,W,R,042-24464,042-24378,0.231621304,0.768378696,3,4,-7.74E-05,1.674882613,0.551970443,-0.551970443,7.74E-05,-1.674882613,-0.615278902,-0.263821849
042-24462,042-59365,0,2,2,0.21809872,0.78190128,0.216223673,0.783776327,26,Yellingbo,R,W,042-24462,042-59365,0.230219731,0.769780269,3,1,-0.671484146,-0.4544733,0.512285992,-0.512285992,0.671484146,0.4544733,-0.615278902,-1.742451283
A81471,A81196,0,0,1,0.237510313,0.762489687,0.239072421,0.760927579,26,Yellingbo,R,R,042-59352,042-59353,0.230671851,0.769328149,1,1,0.938520397,1.19516347,0.525087418,-0.525087418,-0.938520397,-1.19516347,-1.482599764,-1.742451283
A51364,042-24463,2,2,2,0.227603351,0.772396649,0.226571114,0.773428886,26,Tonimbuk,R,W,042-24451,042-24463,0.216158785,0.783841215,4,3,0.116833386,0.292592541,0.114161225,-0.114161225,-0.116833386,-0.292592541,-0.181618471,-0.756698327
042-24462,042-59365,0,0,2,0.21809872,0.78190128,0.216223673,0.783776327,26,Yellingbo,R,W,042-24462,042-59365,0.230219731,0.769780269,3,1,-0.671484146,-0.4544733,0.512285992,-0.512285992,0.671484146,0.4544733,-0.615278902,-1.742451283
042-24365,042-24419,0,2,2,0.205773842,0.794226158,0.211584358,0.788415642,26,Yellingbo,R,R,042-24365,042-24419,0.110000904,0.889999096,4,4,-1.693713983,-0.789423145,-2.891616733,2.891616733,1.693713983,0.789423145,-0.181618471,-0.263821849
042-24462,042-59365,0,0,1,0.21809872,0.78190128,0.216223673,0.783776327,27,Yellingbo,R,W,042-24462,042-59365,0.230219731,0.769780269,4,2,-0.671484146,-0.4544733,0.512285992,-0.512285992,0.671484146,0.4544733,-0.181618471,-1.249574805
A51364,042-24463,2,2,2,0.227603351,0.772396649,0.226571114,0.773428886,27,Tonimbuk,R,W,042-24451,042-24463,0.216158785,0.783841215,5,4,0.116833386,0.292592541,0.114161225,-0.114161225,-0.116833386,-0.292592541,0.25204196,-0.263821849
042-24365,042-24419,0,0,2,0.205773842,0.794226158,0.211584358,0.788415642,27,Yellingbo,R,R,042-24365,042-24419,0.110000904,0.889999096,5,5,-1.693713983,-0.789423145,-2.891616733,2.891616733,1.693713983,0.789423145,0.25204196,0.229054629
042-24367,042-59368,2,2,2,0.21851276,0.78148724,0.210214107,0.789785893,27,Yellingbo,R,W,042-24367,042-59368,0.216565693,0.783434307,5,2,-0.637143518,-0.888352698,0.125682509,-0.125682509,0.637143518,0.888352698,0.25204196,-1.249574805
A81471,A81196,0,0,2,0.237510313,0.762489687,0.239072421,0.760927579,27,Yellingbo,R,R,042-59352,042-59353,0.230671851,0.769328149,2,2,0.938520397,1.19516347,0.525087418,-0.525087418,-0.938520397,-1.19516347,-1.048939333,-1.249574805
A81471,A81196,2,2,2,0.237510313,0.762489687,0.239072421,0.760927579,27,Yellingbo,R,R,042-59352,042-59353,0.230671851,0.769328149,2,2,0.938520397,1.19516347,0.525087418,-0.525087418,-0.938520397,-1.19516347,-1.048939333,-1.249574805
042-24462,042-59365,2,2,2,0.21809872,0.78190128,0.216223673,0.783776327,27,Yellingbo,R,W,042-24462,042-59365,0.230219731,0.769780269,4,2,-0.671484146,-0.4544733,0.512285992,-0.512285992,0.671484146,0.4544733,-0.181618471,-1.249574805
042-24365,042-24419,0,0,2,0.205773842,0.794226158,0.211584358,0.788415642,27,Yellingbo,R,R,042-24365,042-24419,0.110000904,0.889999096,5,5,-1.693713983,-0.789423145,-2.891616733,2.891616733,1.693713983,0.789423145,0.25204196,0.229054629
042-24367,042-59368,1,2,3,0.21851276,0.78148724,0.210214107,0.789785893,27,Yellingbo,R,W,042-24367,042-59368,0.216565693,0.783434307,5,2,-0.637143518,-0.888352698,0.125682509,-0.125682509,0.637143518,0.888352698,0.25204196,-1.249574805
042-24365,042-24419,0,0,2,0.205773842,0.794226158,0.211584358,0.788415642,27,Yellingbo,R,R,042-24365,042-24419,0.110000904,0.889999096,5,5,-1.693713983,-0.789423145,-2.891616733,2.891616733,1.693713983,0.789423145,0.25204196,0.229054629
042-24462,042-59365,1,1,1,0.21809872,0.78190128,0.216223673,0.783776327,27,Yellingbo,R,W,042-24462,042-59365,0.230219731,0.769780269,4,2,-0.671484146,-0.4544733,0.512285992,-0.512285992,0.671484146,0.4544733,-0.181618471,-1.249574805
042-24367,042-59368,1,1,1,0.21851276,0.78148724,0.210214107,0.789785893,27,Yellingbo,R,W,042-24367,042-59368,0.216565693,0.783434307,5,2,-0.637143518,-0.888352698,0.125682509,-0.125682509,0.637143518,0.888352698,0.25204196,-1.249574805
A81471,A81196,2,2,2,0.237510313,0.762489687,0.239072421,0.760927579,27,Yellingbo,R,R,042-59352,042-59353,0.230671851,0.769328149,2,2,0.938520397,1.19516347,0.525087418,-0.525087418,-0.938520397,-1.19516347,-1.048939333,-1.249574805
A81471,A81196,2,2,2,0.237510313,0.762489687,0.239072421,0.760927579,28,Yellingbo,R,R,042-59352,042-59353,0.230671851,0.769328149,3,3,0.938520397,1.19516347,0.525087418,-0.525087418,-0.938520397,-1.19516347,-0.615278902,-0.756698327
042-24462,043-00510,0,1,1,0.21809872,0.78190128,0.240578642,0.759421358,28,Yellingbo,R,W,042-24462,043-00510,0.220092233,0.779907767,5,4,-0.671484146,1.303909802,0.225533751,-0.225533751,0.671484146,-1.303909802,0.25204196,-0.263821849
042-24365,042-24419,1,0,2,0.205773842,0.794226158,0.211584358,0.788415642,28,Yellingbo,R,R,042-24365,042-24419,0.110000904,0.889999096,6,6,-1.693713983,-0.789423145,-2.891616733,2.891616733,1.693713983,0.789423145,0.685702391,0.721931107
A81754,043-00547,0,1,1,0.182512733,0.817487267,0.207364341,0.792635659,28,Yellingbo,R,W,042-59359,043-00547,0.23397233,0.76602767,3,2,-3.622998775,-1.094100461,0.618537918,-0.618537918,3.622998775,1.094100461,-0.615278902,-1.249574805
A90011,043-00539,2,2,2,0.223809524,0.776190476,0.226087755,0.773912245,28,Yellingbo,R,W,042-59356,043-00539,0.213039154,0.786960846,3,3,-0.197827997,0.257694928,0.025831296,-0.025831296,0.197827997,-0.257694928,-0.615278902,-0.756698327
043-00543,043-00544,0,0,1,0.222048977,0.777951023,0.220286134,0.779713866,28,Yellingbo,W,W,043-00543,043-00544,0.158875124,0.841124876,2,2,-0.343848402,-0.161171232,-1.507781149,1.507781149,0.343848402,0.161171232,-1.048939333,-1.249574805
042-24381,042-59368,0,0,2,0.217606149,0.782393851,0.210214107,0.789785893,28,Yellingbo,R,W,042-24381,042-59368,0.227235736,0.772764264,6,3,-0.712338162,-0.888352698,0.427796491,-0.427796491,0.712338162,0.888352698,0.685702391,-0.756698327
042-24381,042-59365,0,0,1,0.217606149,0.782393851,0.216223673,0.783776327,28,Yellingbo,R,W,042-24381,042-59365,0.216520481,0.783479519,6,3,-0.712338162,-0.4544733,0.124402367,-0.124402367,0.712338162,0.4544733,0.685702391,-0.756698327
042-24381,042-59365,0,0,1,0.217606149,0.782393851,0.216223673,0.783776327,28,Yellingbo,R,W,042-24381,042-59365,0.216520481,0.783479519,6,3,-0.712338162,-0.4544733,0.124402367,-0.124402367,0.712338162,0.4544733,0.685702391,-0.756698327
042-24462,043-00510,0,0,2,0.21809872,0.78190128,0.240578642,0.759421358,28,Yellingbo,R,W,042-24462,043-00510,0.220092233,0.779907767,5,4,-0.671484146,1.303909802,0.225533751,-0.225533751,0.671484146,-1.303909802,0.25204196,-0.263821849
042-24381,042-59365,0,0,2,0.217606149,0.782393851,0.216223673,0.783776327,28,Yellingbo,R,W,042-24381,042-59365,0.216520481,0.783479519,6,3,-0.712338162,-0.4544733,0.124402367,-0.124402367,0.712338162,0.4544733,0.685702391,-0.756698327
A81471,A81196,1,1,2,0.237510313,0.762489687,0.239072421,0.760927579,28,Yellingbo,R,R,042-59352,042-59353,0.230671851,0.769328149,3,3,0.938520397,1.19516347,0.525087418,-0.525087418,-0.938520397,-1.19516347,-0.615278902,-0.756698327
043-00543,043-00544,0,0,2,0.222048977,0.777951023,0.220286134,0.779713866,28,Yellingbo,W,W,043-00543,043-00544,0.158875124,0.841124876,2,2,-0.343848402,-0.161171232,-1.507781149,1.507781149,0.343848402,0.161171232,-1.048939333,-1.249574805
043-00518,043-00504,0,1,2,0.237592881,0.762407119,0.192461239,0.807538761,28,Yellingbo,W,W,043-00518,043-00504,0.193733611,0.806266389,1,3,0.945368616,-2.170076486,-0.520790161,0.520790161,-0.945368616,2.170076486,-1.482599764,-0.756698327
A81754,043-00547,2,2,2,0.182512733,0.817487267,0.207364341,0.792635659,28,Yellingbo,R,W,042-59359,043-00547,0.23397233,0.76602767,3,2,-3.622998775,-1.094100461,0.618537918,-0.618537918,3.622998775,1.094100461,-0.615278902,-1.249574805
042-24365,042-24419,0,0,2,0.205773842,0.794226158,0.211584358,0.788415642,28,Yellingbo,R,R,042-24365,042-24419,0.110000904,0.889999096,6,6,-1.693713983,-0.789423145,-2.891616733,2.891616733,1.693713983,0.789423145,0.685702391,0.721931107
042-59364,042-59368,0,1,2,0.213451099,0.786548901,0.210214107,0.789785893,28,Yellingbo,W,W,042-59364,042-59368,0.134867529,0.865132471,2,3,-1.056959512,-0.888352698,-2.187537557,2.187537557,1.056959512,0.888352698,-1.048939333,-0.756698327
A91191,043-00540,2,2,2,0.225744034,0.774255966,0.222477909,0.777522091,28,Yellingbo,R,W,042-59376,043-00540,0.22800434,0.77199566,2,2,-0.037379038,-0.002929186,0.449558916,-0.449558916,0.037379038,0.002929186,-1.048939333,-1.249574805
042-24381,042-59365,0,0,2,0.217606149,0.782393851,0.216223673,0.783776327,28,Yellingbo,R,W,042-24381,042-59365,0.216520481,0.783479519,6,3,-0.712338162,-0.4544733,0.124402367,-0.124402367,0.712338162,0.4544733,0.685702391,-0.756698327
042-24365,042-24419,0,0,2,0.205773842,0.794226158,0.211584358,0.788415642,28,Yellingbo,R,R,042-24365,042-24419,0.110000904,0.889999096,6,6,-1.693713983,-0.789423145,-2.891616733,2.891616733,1.693713983,0.789423145,0.685702391,0.721931107
042-59364,042-59368,0,0,2,0.213451099,0.786548901,0.210214107,0.789785893,28,Yellingbo,W,W,042-59364,042-59368,0.134867529,0.865132471,2,3,-1.056959512,-0.888352698,-2.187537557,2.187537557,1.056959512,0.888352698,-1.048939333,-0.756698327
043-00525,042-59371,0,0,2,0.216386166,0.783613834,0.211529607,0.788470393,28,Labertouche,W,W,043-00525,042-59371,0.20743286,0.79256714,1,2,-0.813523994,-0.793376065,-0.132906564,0.132906564,0.813523994,0.793376065,-1.482599764,-1.249574805
A90011,043-00539,0,0,1,0.223809524,0.776190476,0.226087755,0.773912245,28,Yellingbo,R,W,042-59356,043-00539,0.213039154,0.786960846,3,3,-0.197827997,0.257694928,0.025831296,-0.025831296,0.197827997,-0.257694928,-0.615278902,-0.756698327
042-24381,042-59365,0,0,1,0.217606149,0.782393851,0.216223673,0.783776327,28,Yellingbo,R,W,042-24381,042-59365,0.216520481,0.783479519,6,3,-0.712338162,-0.4544733,0.124402367,-0.124402367,0.712338162,0.4544733,0.685702391,-0.756698327
042-24462,043-00510,1,1,2,0.21809872,0.78190128,0.240578642,0.759421358,28,Yellingbo,R,W,042-24462,043-00510,0.220092233,0.779907767,5,4,-0.671484146,1.303909802,0.225533751,-0.225533751,0.671484146,-1.303909802,0.25204196,-0.263821849
042-24365,042-24419,0,0,2,0.205773842,0.794226158,0.211584358,0.788415642,28,Yellingbo,R,R,042-24365,042-24419,0.110000904,0.889999096,6,6,-1.693713983,-0.789423145,-2.891616733,2.891616733,1.693713983,0.789423145,0.685702391,0.721931107
A81471,A81196,0,0,1,0.237510313,0.762489687,0.239072421,0.760927579,28,Yellingbo,R,R,042-59352,042-59353,0.230671851,0.769328149,3,3,0.938520397,1.19516347,0.525087418,-0.525087418,-0.938520397,-1.19516347,-0.615278902,-0.756698327
043-00520,B00261,0,1,1,0.233232684,0.766767316,0.227978323,0.772021677,28,Yellingbo,W,R,043-00520,042-59380,0.18952889,0.81047111,1,2,0.583732301,0.394190393,-0.639843571,0.639843571,-0.583732301,-0.394190393,-1.482599764,-1.249574805
042-24381,042-59365,2,2,2,0.217606149,0.782393851,0.216223673,0.783776327,28,Yellingbo,R,W,042-24381,042-59365,0.216520481,0.783479519,6,3,-0.712338162,-0.4544733,0.124402367,-0.124402367,0.712338162,0.4544733,0.685702391,-0.756698327
043-00525,042-59371,0,1,1,0.216386166,0.783613834,0.211529607,0.788470393,28,Labertouche,W,W,043-00525,042-59371,0.20743286,0.79256714,1,2,-0.813523994,-0.793376065,-0.132906564,0.132906564,0.813523994,0.793376065,-1.482599764,-1.249574805
A81471,A81196,1,1,1,0.237510313,0.762489687,0.239072421,0.760927579,28,Yellingbo,R,R,042-59352,042-59353,0.230671851,0.769328149,3,3,0.938520397,1.19516347,0.525087418,-0.525087418,-0.938520397,-1.19516347,-0.615278902,-0.756698327
042-59364,042-59368,0,0,1,0.213451099,0.786548901,0.210214107,0.789785893,28,Yellingbo,W,W,042-59364,042-59368,0.134867529,0.865132471,2,3,-1.056959512,-0.888352698,-2.187537557,2.187537557,1.056959512,0.888352698,-1.048939333,-0.756698327
A81471,A81196,2,2,2,0.237510313,0.762489687,0.239072421,0.760927579,29,Yellingbo,R,R,042-59352,042-59353,0.230671851,0.769328149,4,4,0.938520397,1.19516347,0.525087418,-0.525087418,-0.938520397,-1.19516347,-0.181618471,-0.263821849
042-24381,042-24419,0,0,2,0.217606149,0.782393851,0.211584358,0.788415642,29,Yellingbo,R,R,042-24381,042-24419,0.124107062,0.875892938,7,7,-0.712338162,-0.789423145,-2.492211824,2.492211824,0.712338162,0.789423145,1.119362822,1.214807585
A91191,043-00540,2,2,2,0.225744034,0.774255966,0.222477909,0.777522091,29,Yellingbo,R,W,042-59376,043-00540,0.22800434,0.77199566,3,3,-0.037379038,-0.002929186,0.449558916,-0.449558916,0.037379038,0.002929186,-0.615278902,-0.756698327
A81471,A81196,2,2,2,0.237510313,0.762489687,0.239072421,0.760927579,29,Yellingbo,R,R,042-59352,042-59353,0.230671851,0.769328149,4,4,0.938520397,1.19516347,0.525087418,-0.525087418,-0.938520397,-1.19516347,-0.181618471,-0.263821849
042-24462,043-00510,1,1,1,0.21809872,0.78190128,0.240578642,0.759421358,29,Yellingbo,R,W,042-24462,043-00510,0.220092233,0.779907767,6,5,-0.671484146,1.303909802,0.225533751,-0.225533751,0.671484146,-1.303909802,0.685702391,0.229054629
042-24381,042-24419,2,2,2,0.217606149,0.782393851,0.211584358,0.788415642,29,Yellingbo,R,R,042-24381,042-24419,0.124107062,0.875892938,7,7,-0.712338162,-0.789423145,-2.492211824,2.492211824,0.712338162,0.789423145,1.119362822,1.214807585
042-24381,042-59365,2,2,2,0.217606149,0.782393851,0.216223673,0.783776327,29,Yellingbo,R,W,042-24381,042-59365,0.216520481,0.783479519,7,4,-0.712338162,-0.4544733,0.124402367,-0.124402367,0.712338162,0.4544733,1.119362822,-0.263821849
042-24462,043-00510,1,2,2,0.21809872,0.78190128,0.240578642,0.759421358,29,Yellingbo,R,W,042-24462,043-00510,0.220092233,0.779907767,6,5,-0.671484146,1.303909802,0.225533751,-0.225533751,0.671484146,-1.303909802,0.685702391,0.229054629
A81471,A81196,2,2,2,0.237510313,0.762489687,0.239072421,0.760927579,29,Yellingbo,R,R,042-59352,042-59353,0.230671851,0.769328149,4,4,0.938520397,1.19516347,0.525087418,-0.525087418,-0.938520397,-1.19516347,-0.181618471,-0.263821849
A81471,A81196,2,2,2,0.237510313,0.762489687,0.239072421,0.760927579,30,Yellingbo,R,R,042-59352,042-59353,0.230671851,0.769328149,5,5,0.938520397,1.19516347,0.525087418,-0.525087418,-0.938520397,-1.19516347,0.25204196,0.229054629
042-24462,043-00510,1,1,1,0.21809872,0.78190128,0.240578642,0.759421358,30,Yellingbo,R,W,042-24462,043-00510,0.220092233,0.779907767,7,6,-0.671484146,1.303909802,0.225533751,-0.225533751,0.671484146,-1.303909802,1.119362822,0.721931107
A91191,043-00540,2,2,2,0.225744034,0.774255966,0.222477909,0.777522091,30,Yellingbo,R,W,042-59376,043-00540,0.22800434,0.77199566,4,4,-0.037379038,-0.002929186,0.449558916,-0.449558916,0.037379038,0.002929186,-0.181618471,-0.263821849
043-00550,043-00539,2,2,2,0.242813849,0.757186151,0.226087755,0.773912245,30,Yellingbo,W,W,043-00550,043-00539,0.21362691,0.78637309,2,5,1.37839759,0.257694928,0.042473151,-0.042473151,-1.37839759,-0.257694928,-1.048939333,0.229054629
043-04232,042-59368,0,1,1,0.226517308,0.773482692,0.210214107,0.789785893,30,Yellingbo,W,W,043-04232,042-59368,0.223935256,0.776064744,NA,5,0.026756587,-0.888352698,0.334345963,-0.334345963,-0.026756587,0.888352698,NA,0.229054629
043-00520,B00261,0,0,1,0.233232684,0.766767316,0.227978323,0.772021677,30,Yellingbo,W,R,043-00520,042-59380,0.18952889,0.81047111,3,4,0.583732301,0.394190393,-0.639843571,0.639843571,-0.583732301,-0.394190393,-0.615278902,-0.263821849
042-24381,042-59365,2,2,2,0.217606149,0.782393851,0.216223673,0.783776327,30,Yellingbo,R,W,042-24381,042-59365,0.216520481,0.783479519,8,5,-0.712338162,-0.4544733,0.124402367,-0.124402367,0.712338162,0.4544733,1.553023253,0.229054629
043-04232,042-59368,0,1,2,0.226517308,0.773482692,0.210214107,0.789785893,30,Yellingbo,W,W,043-04232,042-59368,0.223935256,0.776064744,NA,5,0.026756587,-0.888352698,0.334345963,-0.334345963,-0.026756587,0.888352698,NA,0.229054629
A81471,A81196,0,1,1,0.237510313,0.762489687,0.239072421,0.760927579,30,Yellingbo,R,R,042-59352,042-59353,0.230671851,0.769328149,5,5,0.938520397,1.19516347,0.525087418,-0.525087418,-0.938520397,-1.19516347,0.25204196,0.229054629
042-24462,043-00510,3,3,3,0.21809872,0.78190128,0.240578642,0.759421358,30,Yellingbo,R,W,042-24462,043-00510,0.220092233,0.779907767,7,6,-0.671484146,1.303909802,0.225533751,-0.225533751,0.671484146,-1.303909802,1.119362822,0.721931107
043-00520,B00261,0,0,1,0.233232684,0.766767316,0.227978323,0.772021677,30,Yellingbo,W,R,043-00520,042-59380,0.18952889,0.81047111,3,4,0.583732301,0.394190393,-0.639843571,0.639843571,-0.583732301,-0.394190393,-0.615278902,-0.263821849
043-00517,043-00506,2,2,2,0.223648029,0.776351971,0.22875757,0.77124243,30,Yellingbo,W,W,043-00517,043-00506,0.227235736,0.772764264,3,4,-0.211222451,0.450450566,0.427796491,-0.427796491,0.211222451,-0.450450566,-0.615278902,-0.263821849
A91191,043-00540,1,1,2,0.225744034,0.774255966,0.222477909,0.777522091,30,Yellingbo,R,W,042-59376,043-00540,0.22800434,0.77199566,4,4,-0.037379038,-0.002929186,0.449558916,-0.449558916,0.037379038,0.002929186,-0.181618471,-0.263821849
043-00520,B00261,2,2,2,0.233232684,0.766767316,0.227978323,0.772021677,30,Yellingbo,W,R,043-00520,042-59380,0.18952889,0.81047111,3,4,0.583732301,0.394190393,-0.639843571,0.639843571,-0.583732301,-0.394190393,-0.615278902,-0.263821849
A81471,A81196,2,2,2,0.237510313,0.762489687,0.239072421,0.760927579,30,Yellingbo,R,R,042-59352,042-59353,0.230671851,0.769328149,5,5,0.938520397,1.19516347,0.525087418,-0.525087418,-0.938520397,-1.19516347,0.25204196,0.229054629
042-24381,042-59365,2,2,2,0.217606149,0.782393851,0.216223673,0.783776327,30,Yellingbo,R,W,042-24381,042-59365,0.216520481,0.783479519,8,5,-0.712338162,-0.4544733,0.124402367,-0.124402367,0.712338162,0.4544733,1.553023253,0.229054629
043-00550,043-00539,0,1,1,0.242813849,0.757186151,0.226087755,0.773912245,30,Yellingbo,W,W,043-00550,043-00539,0.21362691,0.78637309,2,5,1.37839759,0.257694928,0.042473151,-0.042473151,-1.37839759,-0.257694928,-1.048939333,0.229054629
042-24462,043-00510,0,2,2,0.21809872,0.78190128,0.240578642,0.759421358,30,Yellingbo,R,W,042-24462,043-00510,0.220092233,0.779907767,7,6,-0.671484146,1.303909802,0.225533751,-0.225533751,0.671484146,-1.303909802,1.119362822,0.721931107
042-24381,042-59365,2,2,2,0.217606149,0.782393851,0.216223673,0.783776327,30,Yellingbo,R,W,042-24381,042-59365,0.216520481,0.783479519,8,5,-0.712338162,-0.4544733,0.124402367,-0.124402367,0.712338162,0.4544733,1.553023253,0.229054629
043-00517,043-00506,0,0,1,0.223648029,0.776351971,0.22875757,0.77124243,30,Yellingbo,W,W,043-00517,043-00506,0.227235736,0.772764264,3,4,-0.211222451,0.450450566,0.427796491,-0.427796491,0.211222451,-0.450450566,-0.615278902,-0.263821849
043-04232,042-59368,1,1,1,0.226517308,0.773482692,0.210214107,0.789785893,30,Yellingbo,W,W,043-04232,042-59368,0.223935256,0.776064744,NA,5,0.026756587,-0.888352698,0.334345963,-0.334345963,-0.026756587,0.888352698,NA,0.229054629
042-24462,043-00510,2,2,2,0.21809872,0.78190128,0.240578642,0.759421358,31,Yellingbo,R,W,042-24462,043-00510,0.220092233,0.779907767,8,7,-0.671484146,1.303909802,0.225533751,-0.225533751,0.671484146,-1.303909802,1.553023253,1.214807585
A91191,043-00540,2,2,2,0.225744034,0.774255966,0.222477909,0.777522091,31,Yellingbo,R,W,042-59376,043-00540,0.22800434,0.77199566,5,5,-0.037379038,-0.002929186,0.449558916,-0.449558916,0.037379038,0.002929186,0.25204196,0.229054629
043-00520,B00261,2,2,2,0.233232684,0.766767316,0.227978323,0.772021677,31,Yellingbo,W,R,043-00520,042-59380,0.18952889,0.81047111,4,5,0.583732301,0.394190393,-0.639843571,0.639843571,-0.583732301,-0.394190393,-0.181618471,0.229054629
043-00550,043-00539,2,2,2,0.242813849,0.757186151,0.226087755,0.773912245,31,Yellingbo,W,W,043-00550,043-00539,0.21362691,0.78637309,3,6,1.37839759,0.257694928,0.042473151,-0.042473151,-1.37839759,-0.257694928,-0.615278902,0.721931107
042-24381,042-59365,0,0,1,0.217606149,0.782393851,0.216223673,0.783776327,31,Yellingbo,R,W,042-24381,042-59365,0.216520481,0.783479519,9,6,-0.712338162,-0.4544733,0.124402367,-0.124402367,0.712338162,0.4544733,1.986683684,0.721931107
A81471,043-00506,2,2,2,0.237510313,0.762489687,0.22875757,0.77124243,31,Yellingbo,R,W,042-59352,043-00506,0.220227869,0.779772131,6,5,0.938520397,0.450450566,0.229374179,-0.229374179,-0.938520397,-0.450450566,0.685702391,0.229054629
042-24462,043-00510,2,2,2,0.21809872,0.78190128,0.240578642,0.759421358,31,Yellingbo,R,W,042-24462,043-00510,0.220092233,0.779907767,8,7,-0.671484146,1.303909802,0.225533751,-0.225533751,0.671484146,-1.303909802,1.553023253,1.214807585
042-24381,042-59365,2,2,2,0.217606149,0.782393851,0.216223673,0.783776327,31,Yellingbo,R,W,042-24381,042-59365,0.216520481,0.783479519,9,6,-0.712338162,-0.4544733,0.124402367,-0.124402367,0.712338162,0.4544733,1.986683684,0.721931107
043-00550,043-00539,0,0,1,0.242813849,0.757186151,0.226087755,0.773912245,31,Yellingbo,W,W,043-00550,043-00539,0.21362691,0.78637309,3,6,1.37839759,0.257694928,0.042473151,-0.042473151,-1.37839759,-0.257694928,-0.615278902,0.721931107
A91191,043-00540,0,0,2,0.225744034,0.774255966,0.222477909,0.777522091,31,Yellingbo,R,W,042-59376,043-00540,0.22800434,0.77199566,5,5,-0.037379038,-0.002929186,0.449558916,-0.449558916,0.037379038,0.002929186,0.25204196,0.229054629
043-00520,B00261,0,0,1,0.233232684,0.766767316,0.227978323,0.772021677,31,Yellingbo,W,R,043-00520,042-59380,0.18952889,0.81047111,4,5,0.583732301,0.394190393,-0.639843571,0.639843571,-0.583732301,-0.394190393,-0.181618471,0.229054629
043-00550,043-00539,0,2,2,0.242813849,0.757186151,0.226087755,0.773912245,31,Yellingbo,W,W,043-00550,043-00539,0.21362691,0.78637309,3,6,1.37839759,0.257694928,0.042473151,-0.042473151,-1.37839759,-0.257694928,-0.615278902,0.721931107
043-04232,042-59368,1,1,1,0.226517308,0.773482692,0.210214107,0.789785893,31,Yellingbo,W,W,043-04232,042-59368,0.223935256,0.776064744,NA,6,0.026756587,-0.888352698,0.334345963,-0.334345963,-0.026756587,0.888352698,NA,0.721931107
A91191,043-00540,0,1,1,0.225744034,0.774255966,0.222477909,0.777522091,31,Yellingbo,R,W,042-59376,043-00540,0.22800434,0.77199566,5,5,-0.037379038,-0.002929186,0.449558916,-0.449558916,0.037379038,0.002929186,0.25204196,0.229054629
043-00520,B00261,0,1,1,0.233232684,0.766767316,0.227978323,0.772021677,31,Yellingbo,W,R,043-00520,042-59380,0.18952889,0.81047111,4,5,0.583732301,0.394190393,-0.639843571,0.639843571,-0.583732301,-0.394190393,-0.181618471,0.229054629
042-24381,042-59365,2,2,2,0.217606149,0.782393851,0.216223673,0.783776327,31,Yellingbo,R,W,042-24381,042-59365,0.216520481,0.783479519,9,6,-0.712338162,-0.4544733,0.124402367,-0.124402367,0.712338162,0.4544733,1.986683684,0.721931107
042-24462,043-00510,3,3,3,0.21809872,0.78190128,0.240578642,0.759421358,31,Yellingbo,R,W,042-24462,043-00510,0.220092233,0.779907767,8,7,-0.671484146,1.303909802,0.225533751,-0.225533751,0.671484146,-1.303909802,1.553023253,1.214807585
A91191,043-00540,0,0,1,0.225744034,0.774255966,0.222477909,0.777522091,31,Yellingbo,R,W,042-59376,043-00540,0.22800434,0.77199566,5,5,-0.037379038,-0.002929186,0.449558916,-0.449558916,0.037379038,0.002929186,0.25204196,0.229054629
043-00520,B00261,0,0,1,0.233232684,0.766767316,0.227978323,0.772021677,31,Yellingbo,W,R,043-00520,042-59380,0.18952889,0.81047111,4,5,0.583732301,0.394190393,-0.639843571,0.639843571,-0.583732301,-0.394190393,-0.181618471,0.229054629
043-00550,043-00539,0,2,2,0.242813849,0.757186151,0.226087755,0.773912245,31,Yellingbo,W,W,043-00550,043-00539,0.21362691,0.78637309,3,6,1.37839759,0.257694928,0.042473151,-0.042473151,-1.37839759,-0.257694928,-0.615278902,0.721931107
043-04232,042-59368,1,1,1,0.226517308,0.773482692,0.210214107,0.789785893,31,Yellingbo,W,W,043-04232,042-59368,0.223935256,0.776064744,NA,6,0.026756587,-0.888352698,0.334345963,-0.334345963,-0.026756587,0.888352698,NA,0.721931107
043-00517,043-00506,2,2,2,0.223648029,0.776351971,0.22875757,0.77124243,31,Yellingbo,W,W,043-00517,043-00506,0.227235736,0.772764264,4,5,-0.211222451,0.450450566,0.427796491,-0.427796491,0.211222451,-0.450450566,-0.181618471,0.229054629
043-00550,043-00539,2,2,2,0.242813849,0.757186151,0.226087755,0.773912245,32,Yellingbo,W,W,043-00550,043-00539,0.21362691,0.78637309,4,7,1.37839759,0.257694928,0.042473151,-0.042473151,-1.37839759,-0.257694928,-0.181618471,1.214807585
042-24462,043-00510,2,2,2,0.21809872,0.78190128,0.240578642,0.759421358,32,Yellingbo,R,W,042-24462,043-00510,0.220092233,0.779907767,9,8,-0.671484146,1.303909802,0.225533751,-0.225533751,0.671484146,-1.303909802,1.986683684,1.707684063
043-00520,B00261,2,2,2,0.233232684,0.766767316,0.227978323,0.772021677,32,Yellingbo,W,R,043-00520,042-59380,0.18952889,0.81047111,5,6,0.583732301,0.394190393,-0.639843571,0.639843571,-0.583732301,-0.394190393,0.25204196,0.721931107
042-24381,042-59365,1,2,2,0.217606149,0.782393851,0.216223673,0.783776327,32,Yellingbo,R,W,042-24381,042-59365,0.216520481,0.783479519,10,7,-0.712338162,-0.4544733,0.124402367,-0.124402367,0.712338162,0.4544733,2.420344115,1.214807585
043-00550,043-00539,2,2,2,0.242813849,0.757186151,0.226087755,0.773912245,32,Yellingbo,W,W,043-00550,043-00539,0.21362691,0.78637309,4,7,1.37839759,0.257694928,0.042473151,-0.042473151,-1.37839759,-0.257694928,-0.181618471,1.214807585
043-00520,B00261,1,1,1,0.233232684,0.766767316,0.227978323,0.772021677,32,Yellingbo,W,R,043-00520,042-59380,0.18952889,0.81047111,5,6,0.583732301,0.394190393,-0.639843571,0.639843571,-0.583732301,-0.394190393,0.25204196,0.721931107
042-24462,043-00510,2,2,2,0.21809872,0.78190128,0.240578642,0.759421358,32,Yellingbo,R,W,042-24462,043-00510,0.220092233,0.779907767,9,8,-0.671484146,1.303909802,0.225533751,-0.225533751,0.671484146,-1.303909802,1.986683684,1.707684063
043-00517,042-59365,2,2,2,0.223648029,0.776351971,0.216223673,0.783776327,32,Yellingbo,W,W,043-00517,042-59365,0.221539018,0.778460982,5,7,-0.211222451,-0.4544733,0.266498345,-0.266498345,0.211222451,0.4544733,0.25204196,1.214807585
042-24462,043-00510,2,2,2,0.21809872,0.78190128,0.240578642,0.759421358,32,Yellingbo,R,W,042-24462,043-00510,0.220092233,0.779907767,9,8,-0.671484146,1.303909802,0.225533751,-0.225533751,0.671484146,-1.303909802,1.986683684,1.707684063
042-24381,042-59365,2,2,2,0.217606149,0.782393851,0.216223673,0.783776327,32,Yellingbo,R,W,042-24381,042-59365,0.216520481,0.783479519,10,7,-0.712338162,-0.4544733,0.124402367,-0.124402367,0.712338162,0.4544733,2.420344115,1.214807585
043-04232,042-59368,2,2,2,0.226517308,0.773482692,0.210214107,0.789785893,32,Yellingbo,W,W,043-04232,042-59368,0.223935256,0.776064744,NA,7,0.026756587,-0.888352698,0.334345963,-0.334345963,-0.026756587,0.888352698,NA,1.214807585
043-00550,043-00539,0,0,1,0.242813849,0.757186151,0.226087755,0.773912245,33,Yellingbo,W,W,043-00550,043-00539,0.21362691,0.78637309,5,8,1.37839759,0.257694928,0.042473151,-0.042473151,-1.37839759,-0.257694928,0.25204196,1.707684063
043-00550,043-00539,0,1,1,0.242813849,0.757186151,0.226087755,0.773912245,33,Yellingbo,W,W,043-00550,043-00539,0.21362691,0.78637309,5,8,1.37839759,0.257694928,0.042473151,-0.042473151,-1.37839759,-0.257694928,0.25204196,1.707684063
043-00550,043-00539,1,1,1,0.242813849,0.757186151,0.226087755,0.773912245,33,Yellingbo,W,W,043-00550,043-00539,0.21362691,0.78637309,5,8,1.37839759,0.257694928,0.042473151,-0.042473151,-1.37839759,-0.257694928,0.25204196,1.707684063
043-00550,043-00539,0,0,2,0.242813849,0.757186151,0.226087755,0.773912245,33,Yellingbo,W,W,043-00550,043-00539,0.21362691,0.78637309,5,8,1.37839759,0.257694928,0.042473151,-0.042473151,-1.37839759,-0.257694928,0.25204196,1.707684063
043-00550,043-00539,2,2,2,0.242813849,0.757186151,0.226087755,0.773912245,33,Yellingbo,W,W,043-00550,043-00539,0.21362691,0.78637309,5,8,1.37839759,0.257694928,0.042473151,-0.042473151,-1.37839759,-0.257694928,0.25204196,1.707684063
043-00520,B00261,2,2,2,0.233232684,0.766767316,0.227978323,0.772021677,33,Yellingbo,W,R,043-00520,042-59380,0.18952889,0.81047111,6,7,0.583732301,0.394190393,-0.639843571,0.639843571,-0.583732301,-0.394190393,0.685702391,1.214807585
042-24462,043-00510,1,2,2,0.21809872,0.78190128,0.240578642,0.759421358,33,Yellingbo,R,W,042-24462,043-00510,0.220092233,0.779907767,10,9,-0.671484146,1.303909802,0.225533751,-0.225533751,0.671484146,-1.303909802,2.420344115,2.200560541
042-24381,042-59365,2,2,2,0.217606149,0.782393851,0.216223673,0.783776327,33,Yellingbo,R,W,042-24381,042-59365,0.216520481,0.783479519,11,8,-0.712338162,-0.4544733,0.124402367,-0.124402367,0.712338162,0.4544733,2.854004547,1.707684063
042-24381,042-59365,2,2,2,0.217606149,0.782393851,0.216223673,0.783776327,33,Yellingbo,R,W,042-24381,042-59365,0.216520481,0.783479519,11,8,-0.712338162,-0.4544733,0.124402367,-0.124402367,0.712338162,0.4544733,2.854004547,1.707684063
042-24381,042-59365,2,2,2,0.217606149,0.782393851,0.216223673,0.783776327,33,Yellingbo,R,W,042-24381,042-59365,0.216520481,0.783479519,11,8,-0.712338162,-0.4544733,0.124402367,-0.124402367,0.712338162,0.4544733,2.854004547,1.707684063
043-04232,042-59368,2,2,2,0.226517308,0.773482692,0.210214107,0.789785893,33,Yellingbo,W,W,043-04232,042-59368,0.223935256,0.776064744,NA,8,0.026756587,-0.888352698,0.334345963,-0.334345963,-0.026756587,0.888352698,NA,1.707684063
043-00520,043-00540,2,2,2,0.233232684,0.766767316,0.222477909,0.777522091,33,Yellingbo,W,W,043-00520,043-00540,0.231937788,0.768062212,6,7,0.583732301,-0.002929186,0.560931441,-0.560931441,-0.583732301,0.002929186,0.685702391,1.214807585
043-00503,043-00546,1,1,1,0.226342359,0.773657641,0.226092581,0.773907419,34,Yellingbo,W,W,043-00503,043-00546,0.14793381,0.85206619,9,8,0.012246254,0.258043356,-1.817575958,1.817575958,-0.012246254,-0.258043356,1.986683684,1.707684063
043-00520,043-00540,0,0,1,0.233232684,0.766767316,0.222477909,0.777522091,34,Yellingbo,W,W,043-00520,043-00540,0.231937788,0.768062212,7,8,0.583732301,-0.002929186,0.560931441,-0.560931441,-0.583732301,0.002929186,1.119362822,1.707684063
043-00520,043-00540,1,1,1,0.233232684,0.766767316,0.222477909,0.777522091,34,Yellingbo,W,W,043-00520,043-00540,0.231937788,0.768062212,7,8,0.583732301,-0.002929186,0.560931441,-0.560931441,-0.583732301,0.002929186,1.119362822,1.707684063